{"initial_reset_timestamp": 1558708956.7954261, "timestamps": [1558708964.185028], "episode_lengths": [200], "episode_rewards": [200.0], "episode_types": ["t"]}