{"initial_reset_timestamp": 1562773026.060859, "timestamps": [1562773036.767554], "episode_lengths": [269], "episode_rewards": [304.0348619139774], "episode_types": ["t"]}