{"initial_reset_timestamp": 1562772408.7072608, "timestamps": [1562772420.794333], "episode_lengths": [306], "episode_rewards": [-41.12034055836848], "episode_types": ["t"]}