{"initial_reset_timestamp": 1562769313.718847, "timestamps": [1562769318.516955], "episode_lengths": [100], "episode_rewards": [-411.6533232474017], "episode_types": ["t"]}