{"initial_reset_timestamp": 1557912414.410955, "timestamps": [1557912418.1001978], "episode_lengths": [91], "episode_rewards": [-242.77417222532767], "episode_types": ["t"]}