{"initial_reset_timestamp": 1562772659.154405, "timestamps": [1562772663.8033972], "episode_lengths": [114], "episode_rewards": [-130.4378888406906], "episode_types": ["t"]}