{"initial_reset_timestamp": 1558699744.614572, "timestamps": [1558699752.8543942], "episode_lengths": [214], "episode_rewards": [214.0], "episode_types": ["t"]}