{"initial_reset_timestamp": 1562772864.9138079, "timestamps": [1562772880.091729], "episode_lengths": [379], "episode_rewards": [262.5238244690495], "episode_types": ["t"]}