{"initial_reset_timestamp": 1562761544.845226, "timestamps": [1562761549.104359], "episode_lengths": [104], "episode_rewards": [-311.88922561196875], "episode_types": ["t"]}