{"initial_reset_timestamp": 1558166270.653964, "timestamps": [1558166273.941569], "episode_lengths": [66], "episode_rewards": [-221.2701693623355], "episode_types": ["t"]}